Honolulu (Airport), Hawaii December Precipitation
Units: Inches
Base Period: 1991-2020
Missing: -99
Date,Value,Anomaly
194006,0.57,0.07
194007,0.69,0.18
194008,0.42,-0.42
194009,0.46,-0.37
194010,1.53,0.02
194011,5.99,3.74
194012,-99,-99
194101,0.56,-1.26
194102,0.40,-1.54
194103,0.22,-2.14
194104,0.25,-0.52
194105,0.14,-0.68
194106,0.61,0.11
194107,0.06,-0.45
194108,1.16,0.32
194109,0.22,-0.61
194110,2.87,1.36
194111,0.10,-2.15
194112,0.24,-1.92
194201,0.23,-1.59
194202,2.16,0.22
194203,0.70,-1.66
194204,0.61,-0.16
194205,0.01,-0.81
194206,-99,-99
194207,-99,-99
194208,-99,-99
194209,-99,-99
194210,5.95,4.44
194211,3.46,1.21
194212,9.98,7.82
194301,11.59,9.77
194302,1.35,-0.59
194303,1.70,-0.66
194304,0.18,-0.59
194305,3.66,2.84
194306,0.26,-0.24
194307,0.14,-0.37
194308,0.35,-0.49
194309,0.21,-0.62
194310,0.16,-1.35
194311,0.07,-2.18
194312,0.99,-1.17
194401,0.01,-1.81
194402,3.60,1.66
194403,5.61,3.25
194404,0.01,-0.76
194405,0.57,-0.25
194406,0.14,-0.36
194407,0.26,-0.25
194408,0.00,-0.84
194409,0.05,-0.78
194410,0.19,-1.32
194411,0.50,-1.75
194412,2.60,0.44
194501,0.17,-1.65
194502,0.92,-1.02
194503,0.21,-2.15
194504,4.57,3.80
194505,0.61,-0.21
194506,0.01,-0.49
194507,1.12,0.61
194508,0.42,-0.42
194509,0.39,-0.44
194510,0.09,-1.42
194511,1.52,-0.73
194512,1.67,-0.49
194601,7.08,5.26
194602,2.06,0.12
194603,0.57,-1.79
194604,0.28,-0.49
194605,0.28,-0.54
194606,0.11,-0.39
194607,0.41,-0.10
194608,0.02,-0.82
194609,0.12,-0.71
194610,0.86,-0.65
194611,1.86,-0.39
194612,4.74,2.58
194701,1.20,-0.62
194702,0.40,-1.54
194703,1.28,-1.08
194704,0.47,-0.30
194705,2.30,1.48
194706,0.22,-0.28
194707,0.22,-0.29
194708,0.77,-0.07
194709,2.40,1.57
194710,0.44,-1.07
194711,0.97,-1.28
194712,1.48,-0.68
194801,6.09,4.27
194802,3.26,1.32
194803,0.85,-1.51
194804,1.88,1.11
194805,0.18,-0.64
194806,0.24,-0.26
194807,0.20,-0.31
194808,1.30,0.46
194809,1.05,0.22
194810,0.30,-1.21
194811,4.39,2.14
194812,0.89,-1.27
194901,12.16,10.34
194902,6.41,4.47
194903,0.55,-1.81
194904,0.14,-0.63
194905,0.18,-0.64
194906,0.51,0.01
194907,-99,-99
194908,-99,-99
194909,-99,-99
194910,0.35,-1.16
194911,0.70,-1.55
194912,2.28,0.12
195001,13.24,11.42
195002,1.04,-0.90
195003,0.64,-1.72
195004,5.74,4.97
195005,0.32,-0.50
195006,0.07,-0.43
195007,0.04,-0.47
195008,1.00,0.16
195009,0.50,-0.33
195010,0.68,-0.83
195011,1.92,-0.33
195012,6.53,4.37
195101,1.22,-0.60
195102,2.98,1.04
195103,20.79,18.43
195104,0.50,-0.27
195105,0.24,-0.58
195106,0.38,-0.12
195107,0.25,-0.26
195108,1.14,0.30
195109,0.92,0.09
195110,5.84,4.33
195111,0.23,-2.02
195112,5.30,3.14
195201,4.45,2.63
195202,0.48,-1.46
195203,0.57,-1.79
195204,0.35,-0.42
195205,0.16,-0.66
195206,0.14,-0.36
195207,0.07,-0.44
195208,0.10,-0.74
195209,0.28,-0.55
195210,2.50,0.99
195211,1.22,-1.03
195212,0.39,-1.77
195301,1.26,-0.56
195302,2.87,0.93
195303,1.54,-0.82
195304,0.24,-0.53
195305,0.15,-0.67
195306,0.02,-0.48
195307,0.26,-0.25
195308,0.03,-0.81
195309,0.72,-0.11
195310,0.60,-0.91
195311,0.42,-1.83
195312,1.90,-0.26
195401,1.49,-0.33
195402,3.99,2.05
195403,2.54,0.18
195404,1.98,1.21
195405,0.17,-0.65
195406,0.21,-0.29
195407,1.73,1.22
195408,0.20,-0.64
195409,0.55,-0.28
195410,1.05,-0.46
195411,9.39,7.14
195412,4.06,1.90
195501,2.74,0.92
195502,13.68,11.74
195503,4.37,2.01
195504,0.85,0.08
195505,0.77,-0.05
195506,0.08,-0.42
195507,0.24,-0.27
195508,0.59,-0.25
195509,0.22,-0.61
195510,0.37,-1.14
195511,1.89,-0.36
195512,12.09,9.93
195601,3.58,1.76
195602,3.31,1.37
195603,0.54,-1.82
195604,0.52,-0.25
195605,1.01,0.19
195606,0.15,-0.35
195607,0.12,-0.39
195608,0.53,-0.31
195609,0.14,-0.69
195610,1.82,0.31
195611,7.24,4.99
195612,2.32,0.16
195701,13.33,11.51
195702,1.68,-0.26
195703,0.01,-2.35
195704,1.56,0.79
195705,1.12,0.30
195706,0.13,-0.37
195707,0.39,-0.12
195708,0.37,-0.47
195709,0.07,-0.76
195710,0.12,-1.39
195711,2.62,0.37
195712,2.85,0.69
195801,0.50,-1.32
195802,5.15,3.21
195803,18.52,16.16
195804,0.41,-0.36
195805,0.24,-0.58
195806,0.21,-0.29
195807,0.89,0.38
195808,3.07,2.23
195809,0.48,-0.35
195810,2.89,1.38
195811,0.06,-2.19
195812,2.64,0.48
195901,3.76,1.94
195902,2.24,0.30
195903,0.16,-2.20
195904,0.54,-0.23
195905,0.69,-0.13
195906,0.00,-0.50
195907,0.28,-0.23
195908,3.08,2.24
195909,0.88,0.05
195910,0.65,-0.86
195911,1.49,-0.76
195912,0.40,-1.76
196001,0.49,-1.33
196002,0.51,-1.43
196003,1.48,-0.88
196004,0.01,-0.76
196005,3.85,3.03
196006,0.19,-0.31
196007,0.74,0.23
196008,0.41,-0.43
196009,0.82,-0.01
196010,1.16,-0.35
196011,0.22,-2.03
196012,2.24,0.08
196101,4.17,2.35
196102,0.94,-1.00
196103,0.43,-1.93
196104,0.72,-0.05
196105,0.24,-0.58
196106,0.88,0.38
196107,0.28,-0.23
196108,0.48,-0.36
196109,0.49,-0.34
196110,2.40,0.89
196111,2.06,-0.19
196112,1.24,-0.92
196201,2.20,0.38
196202,2.63,0.69
196203,2.10,-0.26
196204,1.07,0.30
196205,0.32,-0.50
196206,0.11,-0.39
196207,0.13,-0.38
196208,0.32,-0.52
196209,0.66,-0.17
196210,0.70,-0.81
196211,0.03,-2.22
196212,3.32,1.16
196301,10.58,8.76
196302,1.11,-0.83
196303,8.39,6.03
196304,8.93,8.16
196305,3.36,2.54
196306,0.33,-0.17
196307,1.02,0.51
196308,0.03,-0.81
196309,1.47,0.64
196310,1.09,-0.42
196311,0.21,-2.04
196312,1.43,-0.73
196401,2.18,0.36
196402,0.52,-1.42
196403,5.21,2.85
196404,0.89,0.12
196405,0.21,-0.61
196406,0.09,-0.41
196407,1.35,0.84
196408,0.47,-0.37
196409,0.97,0.14
196410,0.35,-1.16
196411,2.37,0.12
196412,5.58,3.42
196501,3.02,1.20
196502,0.80,-1.14
196503,0.99,-1.37
196504,1.48,0.71
196505,7.22,6.40
196506,0.26,-0.24
196507,1.37,0.86
196508,0.88,0.04
196509,0.52,-0.31
196510,3.57,2.06
196511,14.72,12.47
196512,7.98,5.82
196601,1.39,-0.43
196602,3.72,1.78
196603,0.39,-1.97
196604,0.46,-0.31
196605,0.41,-0.41
196606,0.04,-0.46
196607,0.43,-0.08
196608,0.82,-0.02
196609,0.17,-0.66
196610,2.96,1.45
196611,9.44,7.19
196612,2.98,0.82
196701,0.80,-1.02
196702,2.53,0.59
196703,6.79,4.43
196704,1.30,0.53
196705,2.12,1.30
196706,2.43,1.93
196707,1.22,0.71
196708,2.54,1.70
196709,0.43,-0.40
196710,1.54,0.03
196711,2.78,0.53
196712,9.94,7.78
196801,8.17,6.35
196802,2.91,0.97
196803,2.50,0.14
196804,3.15,2.38
196805,1.22,0.40
196806,0.25,-0.25
196807,0.30,-0.21
196808,0.10,-0.74
196809,1.31,0.48
196810,2.13,0.62
196811,5.65,3.40
196812,9.64,7.48
196901,8.21,6.39
196902,0.48,-1.46
196903,3.00,0.64
196904,0.10,-0.67
196905,0.82,0.00
196906,0.23,-0.27
196907,0.64,0.13
196908,0.12,-0.72
196909,0.88,0.05
196910,0.96,-0.55
196911,5.78,3.53
196912,1.34,-0.82
197001,1.81,-0.01
197002,0.77,-1.17
197003,0.07,-2.29
197004,0.75,-0.02
197005,0.22,-0.60
197006,0.23,-0.27
197007,2.02,1.51
197008,0.21,-0.63
197009,0.39,-0.44
197010,1.89,0.38
197011,5.94,3.69
197012,1.24,-0.92
197101,6.19,4.37
197102,2.37,0.43
197103,5.57,3.21
197104,2.19,1.42
197105,0.44,-0.38
197106,2.46,1.96
197107,0.04,-0.47
197108,0.27,-0.57
197109,1.04,0.21
197110,2.28,0.77
197111,0.95,-1.30
197112,2.89,0.73
197201,5.28,3.46
197202,5.00,3.06
197203,2.46,0.10
197204,5.15,4.38
197205,0.12,-0.70
197206,0.80,0.30
197207,0.20,-0.31
197208,0.46,-0.38
197209,0.93,0.10
197210,2.39,0.88
197211,0.59,-1.66
197212,3.59,1.43
197301,0.67,-1.15
197302,0.61,-1.33
197303,0.40,-1.96
197304,0.72,-0.05
197305,0.89,0.07
197306,0.10,-0.40
197307,0.46,-0.05
197308,0.33,-0.51
197309,0.64,-0.19
197310,1.78,0.27
197311,3.73,1.48
197312,3.94,1.78
197401,4.22,2.40
197402,1.29,-0.65
197403,3.49,1.13
197404,4.13,3.36
197405,0.83,0.01
197406,1.53,1.03
197407,0.44,-0.07
197408,0.00,-0.84
197409,2.09,1.26
197410,2.77,1.26
197411,2.69,0.44
197412,0.60,-1.56
197501,6.43,4.61
197502,2.37,0.43
197503,2.02,-0.34
197504,0.52,-0.25
197505,0.20,-0.62
197506,0.04,-0.46
197507,0.40,-0.11
197508,0.03,-0.81
197509,0.11,-0.72
197510,0.19,-1.32
197511,11.54,9.29
197512,0.60,-1.56
197601,1.29,-0.53
197602,6.08,4.14
197603,2.67,0.31
197604,0.72,-0.05
197605,0.27,-0.55
197606,0.19,-0.31
197607,0.25,-0.26
197608,0.17,-0.67
197609,0.33,-0.50
197610,0.45,-1.06
197611,0.46,-1.79
197612,0.06,-2.10
197701,0.52,-1.30
197702,0.32,-1.62
197703,2.36,0.00
197704,1.81,1.04
197705,4.76,3.94
197706,0.11,-0.39
197707,0.15,-0.36
197708,0.08,-0.76
197709,0.05,-0.78
197710,0.15,-1.36
197711,0.61,-1.64
197712,1.45,-0.71
197801,0.34,-1.48
197802,0.75,-1.19
197803,1.37,-0.99
197804,2.07,1.30
197805,3.40,2.58
197806,1.06,0.56
197807,0.20,-0.31
197808,0.83,-0.01
197809,0.28,-0.55
197810,11.15,9.64
197811,1.55,-0.70
197812,2.07,-0.09
197901,4.57,2.75
197902,7.22,5.28
197903,0.77,-1.59
197904,0.55,-0.22
197905,0.21,-0.61
197906,0.32,-0.18
197907,0.14,-0.37
197908,0.15,-0.69
197909,0.48,-0.35
197910,0.53,-0.98
197911,0.53,-1.72
197912,1.50,-0.66
198001,8.92,7.10
198002,2.26,0.32
198003,3.05,0.69
198004,1.13,0.36
198005,0.80,-0.02
198006,1.76,1.26
198007,0.37,-0.14
198008,0.37,-0.47
198009,0.42,-0.41
198010,0.31,-1.20
198011,0.21,-2.04
198012,7.37,5.21
198101,0.82,-1.00
198102,0.98,-0.96
198103,0.72,-1.64
198104,1.01,0.24
198105,0.94,0.12
198106,0.14,-0.36
198107,0.43,-0.08
198108,0.70,-0.14
198109,0.39,-0.44
198110,1.85,0.34
198111,1.02,-1.23
198112,4.47,2.31
198201,12.82,11.00
198202,2.17,0.23
198203,3.73,1.37
198204,1.28,0.51
198205,0.14,-0.68
198206,0.35,-0.15
198207,0.21,-0.30
198208,1.99,1.15
198209,0.52,-0.31
198210,7.24,5.73
198211,1.32,-0.93
198212,3.20,1.04
198301,0.33,-1.49
198302,0.06,-1.88
198303,0.53,-1.83
198304,0.42,-0.35
198305,0.36,-0.46
198306,0.26,-0.24
198307,0.22,-0.29
198308,0.30,-0.54
198309,1.17,0.34
198310,0.23,-1.28
198311,0.13,-2.12
198312,1.06,-1.10
198401,0.21,-1.61
198402,0.61,-1.33
198403,1.08,-1.28
198404,2.41,1.64
198405,0.16,-0.66
198406,0.09,-0.41
198407,0.23,-0.28
198408,0.04,-0.80
198409,1.36,0.53
198410,1.89,0.38
198411,3.58,1.33
198412,5.44,3.28
198501,1.47,-0.35
198502,3.87,1.93
198503,1.27,-1.09
198504,0.20,-0.57
198505,1.12,0.30
198506,0.13,-0.37
198507,0.53,0.02
198508,0.16,-0.68
198509,1.28,0.45
198510,5.09,3.58
198511,2.11,-0.14
198512,0.19,-1.97
198601,0.18,-1.64
198602,1.39,-0.55
198603,0.18,-2.18
198604,0.35,-0.42
198605,0.81,-0.01
198606,0.37,-0.13
198607,1.56,1.05
198608,0.90,0.06
198609,2.00,1.17
198610,1.23,-0.28
198611,4.23,1.98
198612,0.78,-1.38
198701,0.42,-1.40
198702,0.86,-1.08
198703,0.32,-2.04
198704,0.66,-0.11
198705,0.73,-0.09
198706,0.46,-0.04
198707,0.33,-0.18
198708,0.22,-0.62
198709,1.13,0.30
198710,0.21,-1.30
198711,0.93,-1.32
198712,17.30,15.14
198801,3.05,1.23
198802,1.31,-0.63
198803,0.67,-1.69
198804,0.50,-0.27
198805,1.26,0.44
198806,0.04,-0.46
198807,0.13,-0.38
198808,0.35,-0.49
198809,0.87,0.04
198810,0.23,-1.28
198811,1.40,-0.85
198812,6.71,4.55
198901,2.07,0.25
198902,6.48,4.54
198903,2.58,0.22
198904,1.24,0.47
198905,0.29,-0.53
198906,0.11,-0.39
198907,2.33,1.82
198908,0.09,-0.75
198909,0.16,-0.67
198910,10.38,8.87
198911,0.51,-1.74
198912,1.32,-0.84
199001,4.32,2.50
199002,4.15,2.21
199003,0.87,-1.49
199004,0.30,-0.47
199005,0.30,-0.52
199006,0.08,-0.42
199007,0.49,-0.02
199008,0.01,-0.83
199009,0.99,0.16
199010,0.47,-1.04
199011,2.96,0.71
199012,4.93,2.77
199101,0.80,-1.02
199102,2.09,0.15
199103,6.24,3.88
199104,1.00,0.23
199105,0.48,-0.34
199106,0.27,-0.23
199107,0.17,-0.34
199108,0.17,-0.67
199109,0.56,-0.27
199110,3.43,1.92
199111,1.52,-0.73
199112,1.25,-0.91
199201,0.43,-1.39
199202,1.35,-0.59
199203,0.72,-1.64
199204,0.11,-0.66
199205,1.13,0.31
199206,0.11,-0.39
199207,2.01,1.50
199208,0.97,0.13
199209,2.08,1.25
199210,2.58,1.07
199211,1.04,-1.21
199212,6.50,4.34
199301,0.71,-1.11
199302,0.41,-1.53
199303,0.02,-2.34
199304,0.23,-0.54
199305,0.20,-0.62
199306,0.12,-0.38
199307,0.70,0.19
199308,1.04,0.20
199309,0.10,-0.73
199310,1.63,0.12
199311,0.47,-1.78
199312,0.27,-1.89
199401,0.78,-1.04
199402,7.05,5.11
199403,3.77,1.41
199404,0.46,-0.31
199405,0.09,-0.73
199406,0.24,-0.26
199407,0.48,-0.03
199408,0.14,-0.70
199409,0.39,-0.44
199410,1.56,0.05
199411,0.20,-2.05
199412,0.46,-1.70
199501,0.54,-1.28
199502,6.53,4.59
199503,1.34,-1.02
199504,1.16,0.39
199505,0.45,-0.37
199506,0.05,-0.45
199507,0.19,-0.32
199508,0.44,-0.40
199509,0.33,-0.50
199510,0.37,-1.14
199511,0.93,-1.32
199512,1.32,-0.84
199601,3.52,1.70
199602,1.00,-0.94
199603,2.68,0.32
199604,0.34,-0.43
199605,0.13,-0.69
199606,1.02,0.52
199607,0.75,0.24
199608,2.17,1.33
199609,0.78,-0.05
199610,0.07,-1.44
199611,18.79,16.54
199612,1.89,-0.27
199701,6.92,5.10
199702,0.95,-0.99
199703,4.90,2.54
199704,1.02,0.25
199705,0.63,-0.19
199706,0.40,-0.10
199707,0.52,0.01
199708,0.13,-0.71
199709,0.68,-0.15
199710,2.58,1.07
199711,0.85,-1.40
199712,0.44,-1.72
199801,0.77,-1.05
199802,0.21,-1.73
199803,0.04,-2.32
199804,0.55,-0.22
199805,0.17,-0.65
199806,0.29,-0.21
199807,0.20,-0.31
199808,0.15,-0.69
199809,0.05,-0.78
199810,0.13,-1.38
199811,0.85,-1.40
199812,1.15,-1.01
199901,2.12,0.30
199902,0.74,-1.20
199903,0.46,-1.90
199904,0.68,-0.09
199905,2.13,1.31
199906,0.12,-0.38
199907,0.58,0.07
199908,0.12,-0.72
199909,0.20,-0.63
199910,2.01,0.50
199911,0.21,-2.04
199912,2.65,0.49
200001,1.26,-0.56
200002,0.07,-1.87
200003,0.38,-1.98
200004,0.46,-0.31
200005,0.03,-0.79
200006,0.04,-0.46
200007,0.41,-0.10
200008,1.17,0.33
200009,0.78,-0.05
200010,0.26,-1.25
200011,2.10,-0.15
200012,0.17,-1.99
200101,0.19,-1.63
200102,0.57,-1.37
200103,0.63,-1.73
200104,0.29,-0.48
200105,0.15,-0.67
200106,1.17,0.67
200107,0.14,-0.37
200108,0.06,-0.78
200109,0.28,-0.55
200110,1.06,-0.45
200111,3.91,1.66
200112,0.76,-1.40
200201,3.91,2.09
200202,0.69,-1.25
200203,2.51,0.15
200204,0.08,-0.69
200205,1.97,1.15
200206,0.07,-0.43
200207,0.13,-0.38
200208,0.27,-0.57
200209,0.10,-0.73
200210,2.11,0.60
200211,0.36,-1.89
200212,0.04,-2.12
200301,1.21,-0.61
200302,1.10,-0.84
200303,1.95,-0.41
200304,0.81,0.04
200305,0.09,-0.73
200306,0.21,-0.29
200307,0.52,0.01
200308,0.02,-0.82
200309,0.28,-0.55
200310,1.15,-0.36
200311,0.58,-1.67
200312,4.82,2.66
200401,6.88,5.06
200402,9.47,7.53
200403,0.56,-1.80
200404,0.58,-0.19
200405,1.29,0.47
200406,0.32,-0.18
200407,0.10,-0.41
200408,3.74,2.90
200409,1.02,0.19
200410,1.25,-0.26
200411,7.87,5.62
200412,5.96,3.80
200501,6.24,4.42
200502,1.29,-0.65
200503,1.88,-0.48
200504,0.64,-0.13
200505,0.27,-0.55
200506,0.28,-0.22
200507,0.29,-0.22
200508,0.10,-0.74
200509,0.91,0.08
200510,1.61,0.10
200511,1.78,-0.47
200512,0.36,-1.80
200601,1.54,-0.28
200602,2.62,0.68
200603,16.93,14.57
200604,0.76,-0.01
200605,1.11,0.29
200606,0.09,-0.41
200607,0.09,-0.42
200608,0.12,-0.72
200609,0.67,-0.16
200610,2.50,0.99
200611,2.50,0.25
200612,0.59,-1.57
200701,1.11,-0.71
200702,0.40,-1.54
200703,0.69,-1.67
200704,0.21,-0.56
200705,0.12,-0.70
200706,0.16,-0.34
200707,0.05,-0.46
200708,0.09,-0.75
200709,0.50,-0.33
200710,0.15,-1.36
200711,5.46,3.21
200712,3.09,0.93
200801,0.29,-1.53
200802,0.43,-1.51
200803,0.08,-2.28
200804,0.20,-0.57
200805,0.54,-0.28
200806,0.56,0.06
200807,0.81,0.30
200808,0.39,-0.45
200809,0.44,-0.39
200810,0.57,-0.94
200811,2.94,0.69
200812,7.59,5.43
200901,3.69,1.87
200902,0.25,-1.69
200903,2.26,-0.10
200904,0.56,-0.21
200905,0.15,-0.67
200906,0.04,-0.46
200907,0.35,-0.16
200908,0.56,-0.28
200909,0.15,-0.68
200910,1.27,-0.24
200911,1.56,-0.69
200912,0.76,-1.40
201001,0.71,-1.11
201002,0.67,-1.27
201003,0.59,-1.77
201004,0.28,-0.49
201005,1.41,0.59
201006,0.22,-0.28
201007,0.39,-0.12
201008,0.14,-0.70
201009,0.63,-0.20
201010,0.11,-1.40
201011,0.55,-1.70
201012,11.73,9.57
201101,2.87,1.05
201102,1.85,-0.09
201103,0.96,-1.40
201104,2.64,1.87
201105,3.11,2.29
201106,1.37,0.87
201107,0.59,0.08
201108,0.07,-0.77
201109,0.07,-0.76
201110,0.25,-1.26
201111,0.89,-1.36
201112,1.10,-1.06
201201,0.56,-1.26
201202,1.14,-0.80
201203,5.50,3.14
201204,0.24,-0.53
201205,0.04,-0.78
201206,0.07,-0.43
201207,0.13,-0.38
201208,0.07,-0.77
201209,0.52,-0.31
201210,0.09,-1.42
201211,0.22,-2.03
201212,0.01,-2.15
201301,2.43,0.61
201302,0.65,-1.29
201303,2.95,0.59
201304,1.75,0.98
201305,0.69,-0.13
201306,0.18,-0.32
201307,0.35,-0.16
201308,0.10,-0.74
201309,1.33,0.50
201310,0.18,-1.33
201311,1.95,-0.30
201312,3.65,1.49
201401,2.46,0.64
201402,1.23,-0.71
201403,2.61,0.25
201404,0.33,-0.44
201405,3.35,2.53
201406,0.59,0.09
201407,1.13,0.62
201408,0.56,-0.28
201409,0.58,-0.25
201410,5.52,4.01
201411,1.44,-0.81
201412,1.07,-1.09
201501,0.93,-0.89
201502,0.85,-1.09
201503,0.63,-1.73
201504,0.35,-0.42
201505,0.21,-0.61
201506,0.23,-0.27
201507,0.43,-0.08
201508,7.64,6.80
201509,4.49,3.66
201510,0.91,-0.60
201511,4.17,1.92
201512,0.28,-1.88
201601,0.03,-1.79
201602,0.40,-1.54
201603,0.22,-2.14
201604,0.22,-0.55
201605,3.17,2.35
201606,0.20,-0.30
201607,2.71,2.20
201608,1.58,0.74
201609,2.93,2.10
201610,0.13,-1.38
201611,0.73,-1.52
201612,0.88,-1.28
201701,0.21,-1.61
201702,7.12,5.18
201703,2.75,0.39
201704,3.06,2.29
201705,0.37,-0.45
201706,0.53,0.03
201707,0.02,-0.49
201708,1.85,1.01
201709,0.10,-0.73
201710,2.79,1.28
201711,0.45,-1.80
201712,3.40,1.24
201801,0.06,-1.76
201802,4.12,2.18
201803,2.57,0.21
201804,1.20,0.43
201805,0.25,-0.57
201806,0.15,-0.35
201807,0.23,-0.28
201808,1.02,0.18
201809,1.78,0.95
201810,4.63,3.12
201811,0.37,-1.88
201812,0.62,-1.54
201901,0.33,-1.49
201902,2.17,0.23
201903,0.09,-2.27
201904,0.20,-0.57
201905,0.31,-0.51
201906,5.69,5.19
201907,0.12,-0.39
201908,0.19,-0.65
201909,2.14,1.31
201910,1.15,-0.36
201911,2.58,0.33
201912,1.69,-0.47
202001,1.13,-0.69
202002,0.89,-1.05
202003,3.78,1.42
202004,2.56,1.79
202005,0.56,-0.26
202006,0.10,-0.40
202007,0.78,0.27
202008,0.13,-0.71
202009,0.11,-0.72
202010,3.20,1.69
202011,0.17,-2.08
202012,0.31,-1.85
202101,3.24,1.42
202102,1.54,-0.40
202103,4.22,1.86
202104,0.44,-0.33
202105,0.03,-0.79
202106,0.06,-0.44
202107,0.08,-0.43
202108,0.30,-0.54
202109,0.12,-0.71
202110,0.06,-1.45
202111,0.10,-2.15
202112,11.20,9.04
202201,6.34,4.52
202202,0.05,-1.89
202203,0.39,-1.97
202204,0.05,-0.72
202205,1.40,0.58
202206,0.01,-0.49
202207,0.24,-0.27
202208,0.07,-0.77
202209,0.44,-0.39
202210,0.80,-0.71
202211,0.16,-2.09
202212,2.24,0.08
202301,0.44,-1.38
202302,3.17,1.23
202303,2.65,0.29
202304,2.18,1.41
202305,0.67,-0.15
202306,0.39,-0.11
202307,0.21,-0.30
202308,0.11,-0.73
202309,0.10,-0.73
202310,0.58,-0.93
202311,2.15,-0.10
202312,0.89,-1.27
202401,2.65,0.83
202402,0.16,-1.78
